[{"_id":{"$oid":"5bd035d5ba169c5dba5ec44b"},"path":"data/cg/dennis-n-34355e64745079-5adcd0eed0c6a.jpg","author":"DennisN / A33SOME CGI Studio","url":"https://www.artstation.com/artwork/xzA23E","title":"Notting Hill Westbourne Grove Apartment","type":"cg"},{"_id":{"$oid":"5bd032f0ba169c5dba5ec444"},"path":"data/cg/enrico-cerica-cuisine23.jpg","author":"Enrico Cerica","url":"https://www.myline.be/index.php/en/category/61-industrial-loft-with-scandinavian-style","title":"Industrial loft with scandinavian style","type":"cg"},{"_id":{"$oid":"5bd034164ae0265dba491b71"},"path":"data/cg/36922536624_1267ff6ffc_h.jpg","author":"Bertrand Benoit","url":"http://bertrand-benoit.com/blog/hooper/","title":"Hooper","type":"cg"},{"_id":{"$oid":"5bd034364ae0265dba491b72"},"path":"data/cg/36962028523_c565e6cde8_h.jpg","author":"Bertrand Benoit","url":"http://bertrand-benoit.com/blog/hooper/","title":"Hooper","type":"cg"},{"_id":{"$oid":"5bd0349aba169c5dba5ec447"},"path":"data/cg/andrew-finch-control-pannel.jpg","author":"Andrew Finch","url":"https://www.artstation.com/artwork/v4lz6","title":"Control Panel","type":"cg"},{"_id":{"$oid":"5bd03538ba169c5dba5ec449"},"path":"data/cg/cristina-summa-attico-firma.jpg","author":"Cristina Summa","url":"https://www.artstation.com/artwork/1AGD2","title":"Black and white Penthouse","type":"cg"},{"_id":{"$oid":"5bd0368eba169c5dba5ec44d"},"path":"data/cg/eoin-o-broin-forest02.jpg","author":"Eoin O'Broin","url":"https://www.artstation.com/artwork/g5zwG","title":"UE4 Scenes","type":"cg"},{"_id":{"$oid":"5bd0343fba169c5dba5ec446"},"path":"data/cg/alec-hunstx-midterm-finalrender.jpg","author":"Alec Hunstad","url":"https://www.artstation.com/artwork/m9xQZ","title":"Abandoned Clinic","type":"cg"},{"_id":{"$oid":"5bd03224ba169c5dba5ec443"},"path":"data/cg/1773.jpg","author":"Enrico Cerica","url":"https://www.myline.be/index.php/en/category/64-green-houses-2018","title":"Green House 2018","type":"cg"},{"_id":{"$oid":"5bd03820ba169c5dba5ec451"},"path":"data/cg/nicolas-delille-ladybug-visuel02-cr.jpg","author":"Nicolas Delille","url":"https://www.artstation.com/artwork/AdGz","title":"Ladybug Journey - Visual 2","type":"cg"},{"_id":{"$oid":"5bd03907ba169c5dba5ec454"},"path":"data/cg/tomasz-zero-c007-studio-frontside.jpg","author":"Tomasz Żero","url":"https://www.artstation.com/artwork/xE3VO","title":"Mercedes-AMG S63","type":"cg"},{"_id":{"$oid":"5bd0335bba169c5dba5ec445"},"path":"data/cg/29823282467_5d838fc41f_h.jpg","author":"Bertrand Benoit","url":"http://bertrand-benoit.com/blog/classical/","title":"Classical","type":"cg"},{"_id":{"$oid":"5bd036f4ba169c5dba5ec44e"},"path":"data/cg/ivo-schoenmakers-handd.jpg","author":"Ivo Schoenmakers","url":"https://www.artstation.com/artwork/ZXbvN","title":"Towel Photorealism","type":"cg"},{"_id":{"$oid":"5bd033c24ae0265dba491b70"},"path":"data/cg/29823284287_3b6b50da12_h.jpg","author":"Bertrand Benoit","url":"http://bertrand-benoit.com/blog/classical/","title":"Classical","type":"cg"},{"_id":{"$oid":"5bd039b2ba169c5dba5ec456"},"path":"data/cg/tuna-unalan-raspberry-madness-01.jpg","author":"Tuna Unalan","url":"https://www.artstation.com/artwork/03WYe","title":"Raspberry Madness","type":"cg"},{"_id":{"$oid":"5bd03971ba169c5dba5ec455"},"path":"data/cg/trevor-curtis-mxsolid-pc-top.jpg","author":"Trevor Curtis","url":"https://www.artstation.com/artwork/rG4YL","title":"MxSS Keyboard renders","type":"cg"},{"_id":{"$oid":"5bd03858ba169c5dba5ec452"},"path":"data/cg/tomasz-zero-c001-beauty.jpg","author":"Tomasz Żero","url":"https://www.artstation.com/artwork/Q1rd3","title":"Jędrusik","type":"cg"},{"_id":{"$oid":"5bd03a07ba169c5dba5ec457"},"path":"data/cg/WC_1024.jpg","author":"Juan Siquier","url":"https://www.artstation.com/artwork/goXe","title":"WC","type":"cg"},{"_id":{"$oid":"5bd04b6aba169c5dba5ec45a"},"path":"data/photo/IMG_2821.jpg","author":"Oliver Weissbarth","url":"","title":"Clouds","type":"photo"},{"_id":{"$oid":"5bd04b9dba169c5dba5ec45b"},"path":"data/photo/IMG_4137.jpg","author":"Oliver Weissbarth","url":"","title":"Lake in the city","type":"photo"},{"_id":{"$oid":"5bd04be6ba169c5dba5ec45c"},"path":"data/photo/IMG_5274.jpg","author":"Oliver Weissbarth","url":"","title":"The kings head","type":"photo"},{"_id":{"$oid":"5bd038c7ba169c5dba5ec453"},"path":"data/cg/tomasz-zero-c003-beauty.jpg","author":"Tomasz Żero","url":"https://www.artstation.com/artwork/Q1rd3","title":"Jędrusik","type":"cg"},{"_id":{"$oid":"5bd04e9aba169c5dba5ec460"},"path":"data/photo/bottle-caps-1866945_1920.jpg","author":"Pexels","title":"Bottle caps beer","url":"http://pixabay.com/en/bottle-caps-beer-bottles-beer-1866945","type":"photo"},{"_id":{"$oid":"5bd04af4ba169c5dba5ec459"},"path":"data/photo/IMG_2690.jpg","author":"Oliver Weissbarth","url":"","type":"photo","title":"Sunflowers in the afternoon"},{"_id":{"$oid":"5bd04ef7ba169c5dba5ec461"},"path":"data/photo/coffee-2242213_1920.jpg","author":"Engin_Akyurt","url":"http://pixabay.com/en/coffee-cafe-table-drink-work-2242243","title":"Coffee Table","type":"photo"},{"_id":{"$oid":"5bd04fb1ba169c5dba5ec463"},"path":"data/photo/e-guitar-1736291_1920.jpg","author":"obBilder","url":"http://pixabay.com/en/e-guitar-instrument-music-1736291","title":"E guitar","type":"photo"},{"_id":{"$oid":"5bd03757ba169c5dba5ec44f"},"path":"data/cg/ivo-schoenmakers-new3-1-200.jpg","author":"Ivo Schoenmakers","url":"https://www.artstation.com/artwork/Q4vo8","title":"Sitting corner","type":"cg"},{"_id":{"$oid":"5bd037d4ba169c5dba5ec450"},"path":"data/cg/marko-ivanovic-final169.jpg","author":"Marko Ivanovic","url":"https://www.artstation.com/artwork/x6Wr","title":"Heeeeeere's Johnny!","type":"cg"},{"_id":{"$oid":"5bd034ebba169c5dba5ec448"},"path":"data/cg/christian-ledbetter-nonmarked-6.jpg","author":"Christian Ledbetter","url":"https://www.artstation.com/artwork/zEWb2","title":"Reaching for petals","type":"cg"},{"_id":{"$oid":"5bd04aabba169c5dba5ec458"},"path":"data/photo/IMG_2678.jpg","author":"Oliver Weissbarth","url":"","title":"On the edge of the road","type":"photo"},{"_id":{"$oid":"5bd05053ba169c5dba5ec465"},"path":"data/photo/headphones-3683983_1920.jpg","url":"http://pixabay.com/en/headphones-radio-wireless-headphones-3683983","author":"HOerwin56","title":"Wireless headphones","type":"photo"},{"_id":{"$oid":"5bd05460ba169c5dba5ec46d"},"path":"data/photo/road-3186188_1920.jpg","author":"jodeng","url":"http://pixabay.com/en/road-highway-travel-asphalt-sky-3186188","title":"Road","type":"photo"},{"_id":{"$oid":"5bd0533aba169c5dba5ec46a"},"path":"data/photo/model-1209985_1920.jpg","author":"ivanovgood","url":"http://pixabay.com/en/model-girl-woman-portrait-1209985","title":"Model Girl","type":"photo"},{"_id":{"$oid":"5bd05397ba169c5dba5ec46b"},"path":"data/photo/morocco-3766064_1920.jpg","url":"http://pixabay.com/en/morocco-essaouira-door-window-3766064","author":"olafpictures","title":"Morocco door","type":"photo"},{"_id":{"$oid":"5bd04e02ba169c5dba5ec45f"},"path":"data/photo/bedroom-1078887_1920.jpg","author":"Erika Wittlieb","url":"http://pixabay.com/en/bedroom-furniture-chair-dresser-1078887","title":"Bedroom furniture","type":"photo"},{"_id":{"$oid":"5bd054bdba169c5dba5ec46e"},"path":"data/photo/telescope-2127704_1920.jpg","author":"Lars_Nissen_Photoart","url":"http://pixabay.com/en/telescope-by-looking-view-optics-2127704","title":"Telescope","type":"photo"},{"_id":{"$oid":"5bd03584ba169c5dba5ec44a"},"path":"data/cg/deniz-atli-secret-house-1-1.jpg","author":"Deniz Atli","url":"https://www.artstation.com/artwork/DRqlA","title":"Forest House","type":"cg"},{"_id":{"$oid":"5bd04c8dba169c5dba5ec45d"},"path":"data/photo/architecture-3588171_1920.jpg","author":"Michael Gaida","url":"http://pixabay.com/en/architecture-glass-modern-city-3588171","title":"Architecture Glass","type":"photo"},{"_id":{"$oid":"5bd05204ba169c5dba5ec468"},"path":"data/photo/kitchen-2165756_1920.jpg","author":"Skitterphoto","url":"http://pixabay.com/en/kitchen-home-interior-modern-room-2165756","title":"Modern Kitchen","type":"photo"},{"_id":{"$oid":"5bd052b9ba169c5dba5ec469"},"path":"data/photo/kitchen-2565105_1920.jpg","author":"StockSnap","url":"http://pixabay.com/en/kitchen-interior-design-room-dining-2565105","title":"Kitchen interior","type":"photo"},{"_id":{"$oid":"5bd1f45488eb6fd1742dc249"},"path":"data/cg/uj01_s.jpg","title":"Lennox Residence designed by Artau Architecture","author":"Krzysztof Pysz\nONE2","url":"http://www.one2.com.pl","type":"cg"},{"_id":{"$oid":"5bd05532ba169c5dba5ec46f"},"path":"data/photo/tomato-2282101_1920.jpg","author":"monicore","url":"http://pixabay.com/en/tomato-vegetable-food-fresh-red-2282101","title":"Tomato","type":"photo"},{"_id":{"$oid":"5bd04da9ba169c5dba5ec45e"},"path":"data/photo/beautiful-3179182_1920.jpg","author":"khiemmoshe","url":"http://pixabay.com/en/beautiful-asian-woman-japanese-3179182","title":"Beautiful asian woman","type":"photo"},{"_id":{"$oid":"5bd0515fba169c5dba5ec467"},"path":"data/photo/ice-1786311_1920.jpg","author":"Einladung_zum_Essen","url":"http://pixabay.com/en/ice-berries-chocolate-ice-dessert-1786311","title":"ice dessert","type":"photo"},{"_id":{"$oid":"5bd05588ba169c5dba5ec470"},"path":"data/photo/woman-3584435_1920.jpg","author":"JerzyGorecki","url":"http://pixabay.com/en/woman-girl-portrait-beauty-hair-3588435","title":"Woman","type":"photo"},{"_id":{"$oid":"5bd04ffdba169c5dba5ec464"},"path":"data/photo/glass-565914_1920.jpg","author":"Yummymoon","url":"http://pixabay.com/en/glass-bottle-wine-glass-transparent-565914","title":"Glass and Bottle","type":"photo"},{"_id":{"$oid":"5bd04f5fba169c5dba5ec462"},"path":"data/photo/coffee-beans-3418308_1920.jpg","author":"Alexas_Fotos","title":"Coffee Beans","url":"http://pixabay.com/ene/coffee-beans-caffeine-coffee-3418308","type":"photo"},{"_id":{"$oid":"5bd053f7ba169c5dba5ec46c"},"path":"data/photo/piano-3505109_1920.jpg","author":"MabelAmber","url":"http://pixabay.com/en/piano-keys-classical-music-3505109","title":"Piano","type":"photo"},{"_id":{"$oid":"5bd03641ba169c5dba5ec44c"},"path":"data/cg/eoin-o-broin-eoin-o-broin-screenshot00178.jpg","author":"Eoin O'Broin","url":"https://www.artstation.com/artwork/g5zwG","title":"UE4 Scenes","type":"cg"}]
